[
  {
    "title": "Landing Page",
    "imageSrc": "projects/landingPage.PNG",
    "description": "This is a project made to learn the latest languages by building an app.",
    "skills": ["HTML", "CSS", "JavaScript"],
    "source": "https://github.com/RahulGce/LandinPage"
  },
  {
    "title": "Flower Shop Website",
    "imageSrc": "projects/HomePage.PNG",
    "description": "This is a project made to learn the latest languages by building an app.",
    "skills": ["React", "Express", "Node"],
    "source": "https://github.com/RahulGce/FlowerShopWebsite"
  },
  {
    "title": "Task Management",
    "imageSrc": "projects/project.png",
    "description": "This is a project made to learn the latest languages by building an app.",
    "skills": ["React", "Express", "Node","MongoDB"],
    "source": "https://www.github.com"
  }
]
